0,500.0,500.0,19.706816364531328,499.88831453444055,499.34275514362815,232,237,240
1,500.0,500.0,21.938837925772287,500.5880399334331,499.68590848287096,232,237,240
2,500.0,500.0,5.685336047075618,500.5343310793357,500.39866620386033,232,237,240
3,500.0,500.0,17.908636447588098,500.63300603571673,499.79084024481114,232,237,240
4,500.0,500.0,11.398386289305243,500.35810342534245,499.4376776892187,232,237,240
5,500.0,500.0,8.576028495670975,500.4857705743421,499.5434133230724,232,237,240
6,500.0,500.0,13.256525751146453,499.76580731169486,500.62417804286025,232,237,240
7,500.0,500.0,21.78383109395781,499.4133910113361,499.68324403894616,232,237,240
8,500.0,500.0,11.743100472363137,500.1877156710237,500.6396931071198,232,237,240
9,500.0,500.0,6.053960824080231,499.5903445214765,500.5259532615738,232,237,240
10,500.0,500.0,24.929124335371203,500.4387199431941,500.5019653931181,235,240,244
11,500.0,500.0,13.391140116311938,500.32052591523086,500.5845575952033,232,237,240
12,500.0,500.0,21.14186720954668,500.6513876125163,500.14191061519404,232,237,240
13,500.0,500.0,10.630651278482803,499.3347771979448,500.0438528000273,232,237,240
14,500.0,500.0,19.719994476644136,499.63275360356977,500.5563942206327,232,237,240
15,500.0,500.0,22.847997965563632,500.54219802605974,499.6121008572046,232,237,240
16,500.0,500.0,6.522337919865587,500.37320108905425,500.55241776905996,232,237,240
17,500.0,500.0,14.099533724395277,499.57385867042484,499.48731294957605,232,237,240
18,500.0,500.0,22.13474658810695,500.6003956043187,499.7102249790626,232,237,240
19,500.0,500.0,18.421257273750093,500.66547279746635,500.0398798229281,232,237,240
20,500.0,500.0,7.09091647999726,500.4641041486242,500.47859354746413,232,237,240
21,500.0,500.0,23.217825380348174,500.49942894303825,499.5583947743741,232,237,240
22,500.0,500.0,18.705433852305944,499.34431045165036,500.1204809554638,232,237,240
23,500.0,500.0,24.797933151393455,499.99632310031046,500.6666565268961,5,4,5
24,500.0,500.0,22.677770851121256,500.6114452299697,499.7343325853784,232,237,240
25,500.0,500.0,15.435645245571749,500.6658903016025,500.03216443184937,233,237,240
26,500.0,500.0,7.447448924347214,499.7896555989925,499.3673866288093,232,237,240
27,500.0,500.0,13.600018609596402,499.41886174868506,500.32668452259486,232,237,240
28,500.0,500.0,18.77572544258527,499.3983992487959,500.2872646525333,232,237,240
29,500.0,500.0,25.210603189933238,499.9617839767963,499.3344295829779,232,237,240
30,500.0,500.0,18.04920970484493,499.73130656451644,500.61012153065803,232,237,240
31,500.0,500.0,27.493643354578687,500.3580986934705,500.5623253241489,0,0,0
32,500.0,500.0,26.77751963321479,499.53625959445753,500.47894601022637,232,237,240
33,500.0,500.0,14.732172624620398,500.15380093539324,500.6486830633804,233,238,241
34,500.0,500.0,14.17682289994087,500.6359336804092,499.7999180203875,232,237,240
35,500.0,500.0,10.701829114318183,500.56664945447636,500.3512162299582,222,236,237
36,500.0,500.0,10.292638849721271,500.1745374279329,500.6434136544207,232,237,240
37,500.0,500.0,6.354096638155438,499.39831979350134,499.71290180503496,232,237,240
38,500.0,500.0,10.47410659048689,499.5507423819996,499.5074433665932,232,237,240
39,500.0,500.0,26.516827533355432,499.97067638127066,499.33397855152475,232,237,240
40,500.0,500.0,15.878377687725655,499.4531994185944,499.61861624494617,232,238,240
41,500.0,500.0,14.914177195346683,499.5627921703459,500.5032829801748,232,237,240
42,500.0,500.0,6.245937306339922,500.0909739681098,500.66043030031244,232,237,240
43,500.0,500.0,23.41362774981907,499.7553974656146,499.37982740739636,231,235,238
44,500.0,500.0,15.318111600162034,500.64837163586697,499.8448914372202,232,237,240
45,500.0,500.0,25.113176943623337,499.45555310567835,499.61526369587995,232,237,240
46,500.0,500.0,19.999332561966007,499.40341804064354,500.2975473243282,232,237,240
47,500.0,500.0,24.520001891529027,500.6620988628051,499.92209274541744,233,238,241
48,500.0,500.0,24.886959062694956,499.3333944667794,499.99097184824507,232,237,240
49,500.0,500.0,13.979700424519702,500.21954173634293,500.62948063548293,232,237,240
50,500.0,500.0,21.801622300555717,499.7541859120169,499.3803066253432,232,237,240
51,500.0,500.0,10.007120663526024,499.3816367914871,499.75085870113105,232,237,240
52,500.0,500.0,12.212910624703774,500.6665597529844,500.01193901779004,232,237,240
53,500.0,500.0,24.612557517110563,499.4160206228572,499.67842181119306,232,237,240
54,500.0,500.0,9.273974102556634,500.54848785761584,499.62104681754545,232,237,240
55,500.0,500.0,26.656710926269056,500.55251665993245,500.3730546674973,232,237,240
56,500.0,500.0,19.24577473763837,500.6598478702625,500.0951064275138,232,237,240
57,500.0,500.0,26.498243927937825,500.065301041806,499.3365392111183,231,236,236
58,500.0,500.0,8.010200488931499,499.39854423390693,500.28756808911606,232,237,240
59,500.0,500.0,26.52188861123094,499.3335338436307,500.0163495216675,247,249,249
60,500.0,500.0,6.684996585291559,499.55119045576856,499.5070350545412,16,20,23
61,500.0,500.0,13.027203204183847,500.14537728356265,499.34937730606106,232,237,240
62,500.0,500.0,15.078245179177326,499.3341385441412,499.96724383957195,232,237,240
63,500.0,500.0,23.793395107655616,500.06051131215634,499.3360852271974,232,237,240
64,500.0,500.0,25.46339226113131,500.13213947008916,499.3465601750054,232,237,240
65,500.0,500.0,9.844482060559692,500.6662816850685,500.0226530480672,226,229,236
66,500.0,500.0,10.775788797607564,499.68122651691664,500.5855150817249,232,237,240
67,500.0,500.0,6.013995521378151,499.6483946864096,499.43359188927116,232,237,240
68,500.0,500.0,15.162216772799564,499.49136332054684,499.56903228339087,232,237,240
69,500.0,500.0,26.736171598072698,499.6621002959883,500.5746896853722,238,237,242
70,500.0,500.0,18.397720029265262,499.35622562157,499.82679782298857,232,237,240
71,500.0,500.0,13.386984852526888,500.2759961310416,500.6068530135828,232,237,240
72,500.0,500.0,20.339468444617488,499.34232074420333,500.10909830859896,232,237,240
73,500.0,500.0,22.237985056301405,499.50997934872095,500.4520223509568,232,237,240
74,500.0,500.0,5.570086323658341,500.07026484659883,499.33704653573807,232,237,240
75,500.0,500.0,23.109613710115838,499.579607521046,500.5174114495093,232,237,240
76,500.0,500.0,10.115975503550281,499.7141158008368,500.6022579755497,232,237,240
77,500.0,500.0,25.040429824849188,500.5355427404878,499.60296295191097,232,237,240
78,500.0,500.0,11.40787040352909,500.42014864058416,500.51760947079794,232,237,240
79,500.0,500.0,14.192602840281399,499.5008737913997,499.5580526362418,232,237,240
80,500.0,500.0,27.319214053511242,499.3525011482801,499.84128742499144,232,237,241
81,500.0,500.0,18.721138864718128,500.5236513069454,500.4125939325521,0,0,0
82,500.0,500.0,16.762730372397996,500.01977868479935,499.3336267952025,233,239,239
83,500.0,500.0,21.302061528185924,500.2576080016258,500.61488418579665,232,237,240
84,500.0,500.0,26.626051769143725,499.3967352653299,499.71624640205306,232,237,240
85,500.0,500.0,20.277466752959263,500.1259318353117,500.6546645074383,232,237,240
86,500.0,500.0,11.907412168859075,500.54519311275465,499.61632186112666,232,237,240
87,500.0,500.0,11.800069658096781,500.3396153331404,500.5736774964563,232,237,240
88,500.0,500.0,13.72034137381846,500.55390587898376,499.6290111569445,232,237,240
89,500.0,500.0,24.17567889399332,500.60301840152437,499.7157232829311,232,237,240
90,500.0,500.0,18.339649967500684,500.62312421753677,499.7630176083258,232,237,240
91,500.0,500.0,9.915132222749307,500.1404635799037,499.3482988206508,232,237,240
92,500.0,500.0,20.26863823501497,500.3108581263814,500.58975560167505,232,235,240
93,500.0,500.0,10.16673531793763,499.36124120506145,499.80912924180717,232,237,240
94,500.0,500.0,27.630528523982584,499.49678939130723,500.4372911247024,232,237,240
95,500.0,500.0,18.240430686414317,499.97480807864383,499.3338094780449,232,237,240
96,500.0,500.0,20.089334255571032,499.8703142243359,499.3460687772901,232,237,240
97,500.0,500.0,23.49452669198229,500.6237687289958,500.23528071993127,232,237,240
98,500.0,500.0,26.101810332475125,499.7883534811168,500.63217892679927,232,237,240
99,500.0,500.0,20.35428784948612,499.3659110726446,500.20585353203137,232,237,240
100,500.0,500.0,25.502796293640053,500.62853983028356,499.7777791049618,232,237,240
101,500.0,500.0,8.660631873488985,499.99255756870735,500.6666251230346,232,237,240
102,500.0,500.0,24.31684642036418,500.46619744520694,500.47655470465304,232,237,240
103,500.0,500.0,11.315741279103381,500.0906780735083,499.33952900788205,232,237,240
104,500.0,500.0,12.353320073631533,499.6109634253211,499.4586175215187,232,237,240
105,500.0,500.0,13.809811725920778,500.5735461390547,499.66016287604225,232,237,240
106,500.0,500.0,12.610271993875923,499.82139689448417,499.357703047536,232,237,240
107,500.0,500.0,14.66330090878879,500.4870702627593,499.54480004000436,232,237,240
108,500.0,500.0,5.135609922431841,499.59655160794864,500.53072953507,232,237,240
109,500.0,500.0,26.928897784812445,499.7945139184972,500.6342081005104,249,249,249
110,500.0,500.0,25.64966099018149,500.6132186745456,499.73845210451424,232,237,240
111,500.0,500.0,5.66757085877445,499.64099555774857,500.5617475010075,232,237,240
112,500.0,500.0,26.149457275386446,500.55859730773733,500.36388664750586,232,237,240
113,500.0,500.0,20.24899440723171,499.5533383155165,500.49491189524883,232,237,240
114,500.0,500.0,9.17976760980894,499.840951732028,499.3525835243836,232,237,240
115,500.0,500.0,12.517453512270096,500.00951464704525,499.3334012331724,232,237,240
116,500.0,500.0,6.883843353517779,499.33333344513073,500.0003860870162,232,237,240
117,500.0,500.0,13.04908790556423,499.3664667847156,500.20755748499124,0,0,2
118,500.0,500.0,9.585295694338257,499.53222574789027,499.52499295425474,235,239,243
119,500.0,500.0,20.397553426257943,500.20814159633704,500.6333415510755,232,237,240
120,500.0,500.0,22.63865626219354,499.3505655078869,500.1505964305628,232,237,240
121,500.0,500.0,21.52221625770819,500.5868386380453,500.31633029785587,232,237,240
122,500.0,500.0,26.364404873363796,499.37790784459605,500.2396785235045,232,237,240
123,500.0,500.0,9.561584873109451,500.2171611596797,500.6303058584299,232,237,240
124,500.0,500.0,11.93640176621634,499.8642533605706,500.6527000033155,232,237,240
125,500.0,500.0,12.985686602094326,500.6661991519221,500.02496266056886,232,237,240
126,500.0,500.0,12.848317021809514,500.60935369611116,499.7295697548718,232,237,240
127,500.0,500.0,13.330324885386656,499.70159076450744,499.40384869989475,232,237,240
128,500.0,500.0,17.000175179585035,500.6504956280491,499.85405520792625,232,237,240
129,500.0,500.0,23.991895763677377,499.6023604175593,500.535095511961,207,205,217
130,500.0,500.0,24.10681343448388,499.97430160273285,499.33382882318256,234,239,242
131,500.0,500.0,15.688294731874329,500.66624013599665,499.9761562244679,232,237,240
132,500.0,500.0,12.475325861441469,499.8026429156448,500.63678459913797,232,237,240
133,500.0,500.0,12.827793392778524,499.33468889318215,499.95750793498496,232,237,240
134,500.0,500.0,26.805439288871717,500.66495054518964,499.9521960577311,232,237,240
135,500.0,500.0,22.43778703009673,499.8223363566344,500.64255744822583,232,237,240
136,500.0,500.0,7.1402270627574485,500.23057189930864,499.3744753852216,232,237,240
137,500.0,500.0,18.375778462644448,500.37040590766185,499.445704133144,232,237,240
138,500.0,500.0,27.922523671064635,500.19460534481965,500.6376309310346,217,226,233
139,500.0,500.0,11.231077820452516,500.11963236282014,500.65584490713167,236,241,244
140,500.0,500.0,12.25760271213769,499.8602368886533,499.34814823989564,232,237,240
141,500.0,500.0,16.1365675058923,500.1372364238085,499.3476116122855,0,0,0
142,500.0,500.0,7.3121004860881875,500.42778646722803,499.48868484972473,232,235,240
143,500.0,500.0,11.95215454195002,499.3604102355867,499.8119325182224,232,237,240
144,500.0,500.0,6.254098465496719,499.467097409854,499.59942631906216,232,237,240
145,500.0,500.0,5.282104277636683,500.62057118565576,499.7564104928814,231,231,229
146,500.0,500.0,9.240364418971879,499.4974054846679,499.5620009159798,232,237,240
147,500.0,500.0,6.502899007620448,500.45805449811945,500.48438674754476,232,237,240
148,500.0,500.0,6.233008708728262,499.4265580977489,499.6599870161492,232,237,240
149,500.0,500.0,10.708391969832672,500.5487201510791,500.37861674585804,232,237,240
150,500.0,500.0,19.223622107437283,499.4404963942025,500.36249159927377,232,237,240
151,500.0,500.0,11.83912204789991,500.60563997860976,500.278647915395,232,237,240
152,500.0,500.0,6.385297000568439,500.06126299328986,499.33615416692004,232,237,240
153,500.0,500.0,6.867311705740638,499.40611905918234,499.69709758571776,232,237,240
154,500.0,500.0,5.061541619866372,500.1708971920164,499.3556099052551,232,237,240
155,500.0,500.0,10.323953394788594,500.255567573648,500.61573505645214,232,237,240
156,500.0,500.0,26.24995402309862,499.4993067839312,499.55982872898477,233,238,242
157,500.0,500.0,10.170617356118548,499.39932004311555,499.71081487963295,0,0,0
158,500.0,500.0,8.816224152076668,499.41340548684616,500.3167827671801,232,237,240
159,500.0,500.0,15.10052931949596,499.37611008084474,500.23495917351937,233,237,239
160,500.0,500.0,16.510860073712287,500.5441374550981,500.3851738236222,232,237,240
161,500.0,500.0,25.456726453726432,499.3421175650938,499.8921336647217,232,237,240
162,500.0,500.0,10.26526156160202,499.33333573924307,500.0017910538409,225,230,233
163,500.0,500.0,20.462476438974505,499.9451511984635,500.66440654227245,232,237,240
164,500.0,500.0,9.02938674257337,499.721803544167,499.394152513906,233,239,239
165,500.0,500.0,18.46258138139065,500.38491529044006,499.45567963143947,232,237,240
166,500.0,500.0,12.666093054297116,500.56654749664943,499.6486193253967,229,234,237
167,500.0,500.0,16.39578748217977,500.6399919581551,499.813305763503,232,237,240
168,500.0,500.0,12.233894614913861,499.5594064427675,500.5003216583056,232,237,240
169,500.0,500.0,23.97332567518012,500.5700566606479,499.65434142843634,232,237,240
170,500.0,500.0,9.314398452074123,499.9581792179507,500.66535364027953,232,237,240
171,500.0,500.0,9.681839482056299,500.61690265957503,499.747263866743,223,230,228
172,500.0,500.0,21.05975066980996,499.7967245101707,500.63492008920736,11,11,11
173,500.0,500.0,21.32500497730596,500.6310600967292,500.21495952819214,243,249,251
174,500.0,500.0,7.143811629475019,500.39957740612806,500.53365001729264,229,234,237
175,500.0,500.0,8.541335861851545,500.57487083535244,499.66240857963265,232,237,240
176,500.0,500.0,16.097490270030697,500.6323801401615,500.2110445516326,232,237,240
177,500.0,500.0,13.822478304684449,499.5621910724449,500.50276016886534,232,237,240
178,500.0,500.0,11.353690264906941,500.07179318829736,499.33721030291764,0,0,0
179,500.0,500.0,5.059000965247276,499.33334918875494,500.00459785936624,232,237,240
180,500.0,500.0,16.261727973081122,500.66344266845766,499.9345151153762,232,237,240
181,500.0,500.0,12.646118981347236,499.39179210444155,500.27299743629715,232,237,240
182,500.0,500.0,25.000838714383576,499.9312688774689,499.33688577361056,232,237,240
183,500.0,500.0,22.837522927282954,500.1850772360428,500.6404614439162,233,239,239
184,500.0,500.0,23.662404758992167,499.34954964171305,500.1461464192131,231,236,239
185,500.0,500.0,7.903664205615939,499.5309996171931,500.4737964598553,232,237,239
186,500.0,500.0,15.127042824725574,500.1148511838704,500.6566990558909,232,237,240
187,500.0,500.0,14.42950825416638,499.8688090002726,500.6536309096386,232,237,240
188,500.0,500.0,11.095523929498405,499.600251525293,500.53352188466255,234,239,242
189,500.0,500.0,24.76487023587013,499.53641015396875,500.4790917439292,220,225,229
190,500.0,500.0,5.825679296266792,499.33342052442157,500.0107817986444,232,237,240
191,500.0,500.0,22.17562643497232,500.62535724095375,499.7689745346695,233,238,241
192,500.0,500.0,20.962026744244394,499.80941121630593,500.6388429853841,0,0,0
193,500.0,500.0,11.747458847199802,499.97569964506533,499.3337763609759,4,4,4
194,500.0,500.0,14.477190226438234,499.41372600206756,499.6826244436117,232,237,240
195,500.0,500.0,25.02931076883166,499.58519406063937,499.47809916927105,232,237,240
196,500.0,500.0,15.606448007164945,500.33270174840067,500.57771445460156,232,237,240
197,500.0,500.0,25.674896229107382,499.6356515830897,499.4417037743819,232,237,240
198,500.0,500.0,15.159785022887732,500.42836521069836,500.510830393289,233,237,240
199,500.0,500.0,14.759105584600647,499.79087187579734,499.36698351355443,232,237,240
200,500.0,500.0,13.847944726248945,500.48987320204714,499.54781785709685,232,237,240
201,500.0,500.0,13.256060624276655,499.33972446513167,500.09209051253384,234,240,240
202,500.0,500.0,20.139285766359656,499.5589136951874,500.49988730345075,232,237,240
203,500.0,500.0,22.901167162711793,499.6684618792101,500.5783830209364,232,237,240
204,500.0,500.0,25.767503124344834,499.8709856744507,499.34593597542175,228,238,240
205,500.0,500.0,9.373035753373031,499.45239901917944,500.38023362587865,233,238,241
206,500.0,500.0,19.865834004482025,500.5850624035704,500.31960354874883,225,232,242
207,500.0,500.0,21.84427466260248,500.01055168766914,500.66658315785185,232,237,240
208,500.0,500.0,9.039721620219051,500.65417974984297,500.1284262408539,232,237,240
209,500.0,500.0,26.01020041307903,499.34728343565723,500.135666985951,232,237,240
210,500.0,500.0,11.788253330967311,499.35137078318,500.154027866089,232,237,240
211,500.0,500.0,8.237411345135301,500.4433045897612,499.5020788364198,232,237,240
212,500.0,500.0,23.185685277545563,499.52443401503155,499.5327940086156,232,237,240
213,500.0,500.0,13.477470148168896,499.707018343443,500.59883736804375,231,237,239
214,500.0,500.0,26.626713510929747,499.3415572663695,499.89560837689925,232,237,240
215,500.0,500.0,25.3374014399416,500.3997695356858,500.5335061037908,232,237,240
216,500.0,500.0,19.6142902146926,499.5045960997565,499.55388407328593,232,237,240
217,500.0,500.0,6.042976653307789,499.503042160704,499.55561576264824,232,237,240
218,500.0,500.0,10.40040074592057,500.6385876119554,499.80855730282525,232,237,240
219,500.0,500.0,20.421183033553937,500.03237074164826,500.6658803042061,228,234,242
220,500.0,500.0,8.554026755426205,500.4982631565304,500.44292016356087,232,237,240
221,500.0,500.0,26.598220511414073,499.8638639138013,499.34738111391187,6,6,6
222,500.0,500.0,15.228004774918919,499.33811439126083,500.0796987163538,232,237,240
223,500.0,500.0,13.44870404543515,500.10793473941857,499.3421287842814,232,238,238
224,500.0,500.0,27.268758146536896,500.41942386329754,500.51819693876075,232,237,240
225,500.0,500.0,18.734357068949535,499.97306878967146,499.33387752300746,232,237,240
226,500.0,500.0,7.896249362084986,499.67949975267754,500.58457166875473,232,237,240
227,500.0,500.0,17.74677913460597,500.31586863777534,499.4129127423335,232,237,240
228,500.0,500.0,8.393746138653206,499.5802161532174,500.51790536435226,232,237,240
229,500.0,500.0,8.327823547371684,499.7999181604414,500.63593372447394,232,237,240
230,500.0,500.0,7.528306001457018,500.41925045012874,499.4816627502183,232,237,240
231,500.0,500.0,23.13392529243549,499.69452971519695,499.40743578445307,232,237,240
232,500.0,500.0,6.20517741080706,500.01815500874017,500.6664194175608,232,237,240
233,500.0,500.0,15.953657204734757,499.48380776676936,499.57811136209085,245,251,251
234,500.0,500.0,16.58828986507389,500.6436341963352,499.826277618735,233,238,241
235,500.0,500.0,27.17260221180666,500.59640730902817,499.7021027590221,232,237,240
236,500.0,500.0,7.483122082622225,500.2918317110807,499.4006013873455,224,230,233
237,500.0,500.0,8.411677990188386,500.636131275912,500.19945286222816,234,238,238
238,500.0,500.0,12.479265196329361,500.6386737457074,499.8088448510019,232,237,240
239,500.0,500.0,18.924816205312197,500.1214632358254,500.6555082965053,232,237,240
240,500.0,500.0,9.94553052553243,500.3534312861529,499.43472947148047,238,244,244
241,500.0,500.0,15.430474766871288,500.5973223551856,499.7039418157862,234,239,242
242,500.0,500.0,20.297480850387103,499.3917673447129,499.72705773231905,225,234,237
243,500.0,500.0,24.130753434921655,500.0226613065625,500.66628140423495,232,237,240
244,500.0,500.0,13.570877765645783,500.570679800851,500.34462879935535,235,240,243
245,500.0,500.0,17.916487521817665,500.40394884367504,499.4696512693161,232,237,240
246,500.0,500.0,20.302831960067053,500.5383331842669,500.3932452506535,249,251,250
247,500.0,500.0,13.087862270942427,499.62434349022794,499.4492490298598,233,238,241
248,500.0,500.0,16.09035611270094,500.44886412053523,499.5070847479124,232,237,240
249,500.0,500.0,22.539929534547543,499.624740374957,500.5510214680546,114,116,122
250,500.0,500.0,27.41457184889129,499.3984251074427,500.2873188004449,27,32,30
251,500.0,500.0,24.07759816907225,500.09712784476443,499.3404466464221,232,237,240
252,500.0,500.0,22.53541891356295,499.72148538827446,499.3942987076951,206,211,212
253,500.0,500.0,8.29478427786667,500.03780841996996,500.6655936957513,233,238,241
254,500.0,500.0,27.35163733143444,500.47492894935004,499.5321464571966,13,17,16
255,500.0,500.0,15.4338531854794,500.1183479444898,500.6560778981794,233,238,241
256,500.0,500.0,22.867219259235043,499.50454530859076,500.44605951755904,1,2,2
257,500.0,500.0,8.578337778303233,500.6245323157244,499.76675371158296,245,249,250
258,500.0,500.0,14.75233978159889,500.0966987265273,499.3403835957676,249,251,250
259,500.0,500.0,22.363692304372524,499.4887082430876,499.57218557322375,232,237,240
260,500.0,500.0,20.59901153747129,500.33164183810106,500.5783235562083,232,237,240
261,500.0,500.0,6.044599339901833,499.3341107923786,499.96781292778394,232,237,240
262,500.0,500.0,11.932645326424046,500.1635491676856,499.3537058609319,232,237,240
263,500.0,500.0,7.75963990522763,499.5411547898263,499.51636220418055,232,237,240
264,500.0,500.0,17.249394000950744,499.6665909648607,500.57730655611374,0,0,0
265,500.0,500.0,23.54260429103557,500.6138473151405,499.73993093582817,215,223,225
266,500.0,500.0,15.574347758194326,500.6019354644791,499.7134373697657,232,237,240
267,500.0,500.0,14.30172634362039,500.55146310350375,499.62538968257877,232,238,238
268,500.0,500.0,27.222592893761902,499.43295625324856,499.6494207169348,232,237,240
269,500.0,500.0,24.423140275738028,500.54045000418876,499.6096690667948,233,238,241
270,500.0,500.0,6.8088830121057775,500.3323726080147,499.42209612054774,232,237,240
271,500.0,500.0,8.867052285050791,500.6653637304953,500.04165993981974,234,240,240
272,500.0,500.0,25.83622282634116,499.9425544163516,499.33581294098445,212,221,224
273,500.0,500.0,8.368217020386972,499.6179314870674,499.45367766303224,232,237,240
274,500.0,500.0,22.460504741048123,500.649640465086,499.85029458738137,248,250,251
275,500.0,500.0,17.96591611562054,500.41521862621465,500.52157256148007,232,237,240
276,500.0,500.0,27.690234797924763,500.6194845660382,499.7536601597692,233,239,239
277,500.0,500.0,15.785184921106586,499.3744262732426,499.7695613816321,232,237,240
278,500.0,500.0,16.668748361664896,499.35185840404034,499.8439329758364,232,237,240
279,500.0,500.0,13.480964788265695,500.50005080900377,500.4409009331575,10,12,12
280,500.0,500.0,16.662559798680967,499.3607097931489,500.1890832511586,232,237,240
281,500.0,500.0,21.99518404606853,500.38560408761714,500.54383263239475,226,229,243
282,500.0,500.0,12.395115546249851,499.3567165734748,500.175016792344,237,243,243
283,500.0,500.0,15.3620315073471,500.40486404870654,500.529650400273,232,237,240
284,500.0,500.0,5.9002689026154975,500.65986857852926,500.09496264272985,232,237,240
285,500.0,500.0,8.651162783575451,500.56010643902334,499.63844057001785,232,237,240
286,500.0,500.0,12.78244437735265,499.3896905491414,499.7317336796444,239,245,245
287,500.0,500.0,7.173636792847169,500.10952543376953,500.65760826013826,222,227,230
288,500.0,500.0,20.100973987440995,499.41885247486374,499.67333197513005,232,237,240
289,500.0,500.0,20.263078438139352,499.54044407815667,499.517037476461,232,237,240
290,500.0,500.0,21.303182330534238,500.47635216105516,499.53359560132594,232,237,240
291,500.0,500.0,23.208225030861502,500.40520430993655,500.5293901318057,232,237,241
292,500.0,500.0,14.738346425408386,500.24099392968554,499.378416240319,232,237,240
293,500.0,500.0,26.87689421271109,499.90209907990726,499.340560954834,11,14,13
294,500.0,500.0,8.164003123072824,500.6658886762886,500.0321980625977,232,237,240
295,500.0,500.0,17.414727443514437,499.5244882984459,500.4672612397038,232,237,240
296,500.0,500.0,19.214723706350682,499.650765223474,499.4321272014709,232,237,240
297,500.0,500.0,24.120936303849888,500.564804207562,499.6458239822282,232,237,240
298,500.0,500.0,20.556347210336256,499.98998428781164,500.6665914265529,232,237,240
299,500.0,500.0,23.027408267001384,500.2433426501197,499.379331973534,232,237,240
300,500.0,500.0,23.598349035088088,500.29025403143567,500.6001641789375,232,237,240
301,500.0,500.0,18.119646047369503,499.8828064500001,500.65628508765843,232,237,240
302,500.0,500.0,16.566853904214316,499.7889787035185,500.63238790063986,232,237,240
303,500.0,500.0,8.183166295878918,499.531218261639,500.47401279120265,238,249,249
304,500.0,500.0,17.754437144761916,500.14568641203164,499.3494464558595,0,0,0
305,500.0,500.0,22.55168709670889,499.59921307210675,499.46725777070486,223,219,231
306,500.0,500.0,15.061868884484559,499.39594293604546,500.2820629502984,232,237,240
307,500.0,500.0,14.542628833837124,499.94050658504875,499.3359932394758,238,242,244
308,500.0,500.0,27.874083078480698,500.2788587331604,499.39445706065993,231,233,238
309,500.0,500.0,7.278911861040104,499.35254704124196,499.84110031265004,232,237,240
310,500.0,500.0,26.100111947093282,500.6322029600523,499.7884252809395,232,237,240
311,500.0,500.0,5.120777561029213,499.85724893230565,499.3487960556657,232,237,240
312,500.0,500.0,8.438951236177218,499.4895077173638,499.57123191138646,232,237,240
313,500.0,500.0,11.626336294902302,499.95161807614755,499.335091258977,0,0,0
314,500.0,500.0,19.695889839974637,499.65457322841064,500.5701971500401,231,236,239
315,500.0,500.0,16.496072111465022,500.59391407444485,500.3028374425674,231,238,241
316,500.0,500.0,21.52651953922411,500.5006011624994,500.44027595953986,232,237,240
317,500.0,500.0,10.5329774925505,500.6594220550788,500.098015293297,232,237,240
318,500.0,500.0,13.293886427258135,499.8488034715684,500.64929504405524,232,237,240
319,500.0,500.0,16.675319543074778,499.35811865425006,499.8199089607374,242,243,246
320,500.0,500.0,13.898270395129224,500.415499440191,499.47865111523527,0,0,0
321,500.0,500.0,6.553869828063675,500.0619590683232,500.6637812277377,232,237,240
322,500.0,500.0,12.647927992555651,500.35206512328716,499.4338775808986,232,237,240
323,500.0,500.0,19.78429917266257,499.74876165402765,500.61751416012714,232,237,240
324,500.0,500.0,6.451312351741167,499.80033701756105,499.36393464338323,239,244,247
325,500.0,500.0,23.19551190426801,500.6635548379717,500.06433833576364,232,237,240
326,500.0,500.0,27.74982215281084,499.3509035257424,499.8479532586642,231,236,239
327,500.0,500.0,19.878711472417258,499.55662274646807,500.49785646073434,234,240,240
328,500.0,500.0,12.634267786770923,499.48769819361326,500.4266043877146,231,236,241
329,500.0,500.0,22.096077226951287,500.66647697543505,499.9840976209511,235,240,243
330,500.0,500.0,16.443038027353428,500.095670076141,500.6597663836356,232,237,240
331,500.0,500.0,6.8153211392757616,500.1810264925343,499.3583818476343,0,0,0
332,500.0,500.0,7.359751878988629,500.6285428336028,499.77778759987126,232,237,240
333,500.0,500.0,21.506246960168106,500.63021937951913,499.7825879991284,0,0,0
334,500.0,500.0,21.716731101355364,500.4266597710674,500.51225568244496,234,240,240
335,500.0,500.0,23.203990063084667,500.43554332941426,499.49527586480616,6,6,8
336,500.0,500.0,23.42520743792991,499.61266625470995,500.5426020772205,232,237,240
337,500.0,500.0,20.59604405589532,499.39193905377266,499.7266754125265,232,237,240
338,500.0,500.0,22.905853590657905,499.3666556494776,500.2081330778752,232,237,240
339,500.0,500.0,5.744862451532341,500.46247590140933,499.5198328571632,231,237,240
340,500.0,500.0,22.550942851367328,500.4469681860175,499.50536489698703,1,2,2
341,500.0,500.0,12.230865150242277,499.3421504312471,499.8919334032363,35,34,34
342,500.0,500.0,9.279105137869799,499.50764904056126,499.5505169889927,232,237,240
343,500.0,500.0,22.824183121224227,500.22983806959246,500.6257946198318,66,71,72
344,500.0,500.0,27.968463400733505,499.59862771317825,500.5323013543247,232,237,240
345,500.0,500.0,15.39698176064414,500.3290686942621,500.57979154780065,232,238,244
346,500.0,500.0,21.319431196850527,499.48278688847034,500.42063647215406,232,237,240
347,500.0,500.0,24.581327167321895,499.8925739485063,499.34204552748315,221,223,235
348,500.0,500.0,27.658048574794446,499.34240391198693,499.8904015078827,235,241,242
349,500.0,500.0,17.742493056970687,499.5429371851088,499.5146773983337,232,237,240
350,500.0,500.0,25.337668277196258,499.33333549134636,500.00169627417074,232,237,240
351,500.0,500.0,21.53400217748655,499.7035537874481,500.5971298749083,232,237,240
352,500.0,500.0,6.696266396958498,500.65136359697317,499.85797919524737,234,239,243
353,500.0,500.0,16.89928027185678,499.72360908766234,499.39332668756435,238,243,248
354,500.0,500.0,27.224086120484458,499.67373802743884,500.58137558402893,232,237,240
355,500.0,500.0,16.916349057252376,500.2938973196364,499.4016114891185,231,238,240
356,500.0,500.0,21.314639048172655,499.62204942097776,500.54917920960395,215,221,221
357,500.0,500.0,10.763922106585978,500.47133828327276,500.4714707490035,232,237,240
358,500.0,500.0,19.131850401088556,500.55879003937474,500.36359061640815,206,215,214
359,500.0,500.0,18.354869526225833,499.6338797494543,500.5571358959758,231,236,239
360,500.0,500.0,17.963214791919803,499.36786968700784,500.21179167084875,232,237,240
361,500.0,500.0,22.733514482272703,500.5771828899015,499.6663769251844,233,237,240
362,500.0,500.0,19.69679742080402,500.418763148974,500.51873101845354,233,237,241
363,500.0,500.0,11.948164597956321,500.638467652222,499.80815761284174,232,237,240
364,500.0,500.0,20.838112148478622,500.6634054258471,499.93413889310744,232,237,240
365,500.0,500.0,9.69252931195817,499.57027612993323,500.5096879829261,232,237,240
366,500.0,500.0,12.344277030874746,499.9553600000464,500.6651704404501,232,237,240
367,500.0,500.0,16.84454308389111,500.6519288745222,499.8605970337163,230,231,236
368,500.0,500.0,11.151848512446195,499.3667504001064,499.79157881902495,232,237,240
369,500.0,500.0,26.743852532174035,499.7410983461657,500.61434060429565,232,237,240
370,500.0,500.0,26.47628531073631,500.6666270788337,499.99273486337887,2,2,2
371,500.0,500.0,16.838671302324144,499.3403893408648,499.90326209223014,232,237,240
372,500.0,500.0,26.740354493592456,499.8551616185689,499.34925712627114,232,237,240
373,500.0,500.0,13.116587043696173,500.54538792974506,500.3834011613609,232,237,240
374,500.0,500.0,24.385541878998136,499.33421311326964,499.9657616311374,233,239,239
375,500.0,500.0,7.472432940537771,499.94203022437,500.6641415132017,232,237,240
376,500.0,500.0,13.416559107903948,500.617009063178,500.25247625710284,232,237,240
377,500.0,500.0,13.338046846718544,500.66642836902656,500.01782339476733,237,242,245
378,500.0,500.0,22.58129463826651,499.3414869288622,500.10394700373314,230,236,234
379,500.0,500.0,14.059785392757965,499.979205308421,500.666342273345,231,236,239
380,500.0,500.0,9.578331275706349,499.35454425890174,499.83317275184277,1,1,1
381,500.0,500.0,5.895021223663066,500.6424696598524,499.8220191566106,232,237,240
382,500.0,500.0,18.943992015287495,499.3943631620876,500.27865474158517,234,237,242
383,500.0,500.0,12.326190730464063,500.344300183655,499.4291218799257,232,237,240
384,500.0,500.0,24.050655877019647,500.20517680823605,499.3656917769676,232,237,240
385,500.0,500.0,23.762223164607956,499.338643867951,500.0839792298467,232,237,241
386,500.0,500.0,18.425149262522083,500.0649505514329,499.3365048076188,0,0,0
387,500.0,500.0,20.078592360070285,500.11915522155346,500.6559317629304,232,237,239
388,500.0,500.0,18.42103537209572,499.60064399313126,499.4661842787794,223,228,232
389,500.0,500.0,20.656718586165614,499.75764127271594,499.3789471103411,232,235,240
390,500.0,500.0,15.143887022248856,500.2434668238184,500.6206193278848,232,237,240
391,500.0,500.0,14.438680414422215,500.6620784622625,500.0780804345054,0,0,0
392,500.0,500.0,17.900395776898705,500.25996181574976,499.38610725790534,0,0,0
393,500.0,500.0,8.983195748718538,500.4062406895353,499.4714047421606,232,237,240
394,500.0,500.0,22.75576503542104,499.3571417840275,500.1765722475392,232,237,240
395,500.0,500.0,11.417147106200403,499.91156684857503,500.66077531898026,232,237,240
396,500.0,500.0,21.21272154724143,500.3877899874544,499.4577238986692,235,241,241
397,500.0,500.0,26.475108619728413,500.59687371939435,500.2969616263776,232,237,240
398,500.0,500.0,17.4933901707304,500.1676290809829,499.35475203552954,243,250,249
399,500.0,500.0,11.615497857125218,500.3713476467658,500.5536653950591,232,237,240
400,500.0,500.0,22.188785493514114,500.0882606542964,499.3392016182317,244,245,246
401,500.0,500.0,17.92641445258215,500.49819407665484,500.4429978627832,232,237,240
402,500.0,500.0,18.49710146712875,499.8984900249642,499.34110686039946,232,239,250
403,500.0,500.0,10.355240875536914,500.1357736954353,500.6526943757014,232,237,240
404,500.0,500.0,7.312532809879002,499.33974402164154,500.09223062119696,232,237,240
405,500.0,500.0,8.632644752851657,499.9752455042255,500.6662069193452,232,237,240
406,500.0,500.0,11.606635863981076,500.3840262904176,500.5449479357816,0,0,0
407,500.0,500.0,10.34106458208339,499.50763218431985,500.4494645464626,232,237,240
408,500.0,500.0,9.043140273393838,499.7402859560359,499.3860023942944,230,235,238
409,500.0,500.0,22.227073633141977,500.1995958538329,499.36391357538685,232,237,240
410,500.0,500.0,18.864008206635084,499.33489635114967,500.04562434361634,196,200,206
411,500.0,500.0,17.495911121810423,500.6532540701986,499.86694525858366,232,237,240
412,500.0,500.0,9.434662160297625,500.0789021938353,500.66198103315156,232,237,240
413,500.0,500.0,19.910562790312557,499.8310941208488,500.64491491565366,232,237,240
414,500.0,500.0,18.058968115681605,499.6899370102817,500.59017403098693,0,0,0
415,500.0,500.0,16.851455156075303,499.73439386525337,499.3885281481299,67,67,64
416,500.0,500.0,8.234073139588865,500.04514269357117,499.33486348644686,232,237,240
417,500.0,500.0,10.41698881443528,500.5791691138231,500.3301629628498,232,237,240
418,500.0,500.0,18.176178993754252,499.38347983916117,499.7463322335737,232,237,240
419,500.0,500.0,7.719171499491369,500.26063197047455,500.6136085237438,235,241,242
420,500.0,500.0,26.231438320783692,500.4488110107465,499.50703638970293,232,237,240
421,500.0,500.0,10.079532519280594,500.64017086095225,499.81392014286314,231,234,239
422,500.0,500.0,27.743273123592104,499.4309244324844,500.3472714254027,240,245,249
423,500.0,500.0,22.419062035999495,499.5341515270309,500.476895842587,235,238,243
424,500.0,500.0,6.883017048885322,499.41200850674704,499.68581781032873,232,237,240
425,500.0,500.0,17.97588061228992,499.8025994480323,499.3632288742984,232,237,240
426,500.0,500.0,17.34318363999281,500.62264760464006,499.7617681698839,233,239,239
427,500.0,500.0,20.646790472598628,499.4634029846519,500.3956110306399,232,237,240
428,500.0,500.0,15.24610192030607,500.66435844204665,500.05542837653917,0,0,0
429,500.0,500.0,15.50636494137315,500.3109617223982,500.5897009849471,232,237,240
430,500.0,500.0,12.087899972762479,499.72965924458487,500.609393403645,233,239,239
431,500.0,500.0,22.15350310513176,500.591507336336,499.69248818639744,246,245,249
432,500.0,500.0,21.108852196235045,499.3358606682176,500.05799476203975,232,237,240
433,500.0,500.0,15.857637619449958,499.92071808556346,500.66193566340525,232,237,240
434,500.0,500.0,22.61403670724537,500.632117375413,499.7881697185352,241,246,250
435,500.0,500.0,26.093646763679743,500.27346320110865,500.6079986201332,240,245,246
436,500.0,500.0,20.22122837688577,499.5101195955522,499.5478256599689,0,0,0
437,500.0,500.0,27.8354758497845,500.0924487072125,500.6602254773781,232,237,240
438,500.0,500.0,10.12187496722413,500.6487361053195,499.84642295060996,0,0,0
439,500.0,500.0,21.539161425249596,499.7034748585336,500.59709068400264,239,244,248
440,500.0,500.0,10.692776885586838,499.74867681373087,499.38252036431317,232,237,240
441,500.0,500.0,25.129788016345728,500.50028671165546,500.44063323817596,241,241,236
442,500.0,500.0,26.53347239886524,499.3920379094761,499.7264555960539,232,237,240
443,500.0,500.0,18.660715392025217,499.9779464883937,499.3336982012104,2,2,2
444,500.0,500.0,6.01744479128795,499.86386196802056,499.3473815198041,232,237,240
445,500.0,500.0,24.865795581411298,499.333892079348,500.02728887115927,232,237,240
446,500.0,500.0,10.385714894258108,500.5444252674912,500.3847669067911,232,237,240
447,500.0,500.0,20.468233733049015,499.52488319942603,500.46766277407636,232,237,240
448,500.0,500.0,27.670997896677893,500.20800599344744,499.36661390042536,232,237,240
449,500.0,500.0,6.40202565345553,500.62603788034875,500.22917464260445,232,235,240
450,500.0,500.0,6.078334229906465,500.27904736566205,499.39454396347753,242,244,242
451,500.0,500.0,14.575466568693226,499.7309318216012,499.3900436410549,233,239,239
452,500.0,500.0,17.372350080988802,499.5830367650984,500.5201789165132,0,0,0
453,500.0,500.0,8.320090230799105,500.56881488161804,499.6523017473523,211,224,229
454,500.0,500.0,14.579680933189357,499.9700958594913,499.3340043642599,232,237,240
455,500.0,500.0,9.676744860381252,499.44271230800126,499.6341108463057,221,226,227
456,500.0,500.0,21.665448383065645,500.47778196023916,499.5350603878841,232,237,240
457,500.0,500.0,18.91429726680522,499.7755522310707,500.6277480732484,246,247,249
458,500.0,500.0,18.51442484303579,499.82970363664367,499.3554508606227,232,237,240
459,500.0,500.0,25.861755033270857,499.3846271116301,500.2564383994329,232,237,240
460,500.0,500.0,27.127783790632556,500.22335525085776,500.6281376253328,232,237,240
461,500.0,500.0,21.18667740154119,500.28995923652485,499.3996933403681,0,0,0
462,500.0,500.0,11.51036154296413,500.23925977818874,499.3777466729816,245,247,246
463,500.0,500.0,13.271826213559361,499.7828007252652,500.6302927252469,232,237,240
464,500.0,500.0,21.61551218329578,500.25675457610123,499.38475896422983,231,236,240
465,500.0,500.0,6.051455303565179,500.04509602395143,499.33486032063314,233,239,239
466,500.0,500.0,26.49943975681613,499.6163596223105,499.4547803148724,232,237,240
467,500.0,500.0,12.586901577490778,500.6666602458166,499.9970740655843,232,237,240
468,500.0,500.0,20.055983220783503,499.34803987225575,500.1392567279385,246,247,246
469,500.0,500.0,19.758972451170266,500.07202264372734,500.6627648023507,232,237,240
470,500.0,500.0,13.100051871635848,499.7315788709846,499.3897586199359,234,240,240
471,500.0,500.0,25.455384183445183,499.64608270659573,500.5649663652589,232,237,240
472,500.0,500.0,6.7095994631895906,499.56700765815896,499.4930857307676,0,0,0
473,500.0,500.0,19.506137902460754,499.86981519291453,499.3461679417094,1,1,2
474,500.0,500.0,15.488222156342982,499.33658750045237,499.9342101840068,0,0,0
475,500.0,500.0,17.24088715529294,500.6553108719313,500.122523897967,232,237,240
476,500.0,500.0,11.319036955550136,499.7423364903062,500.6148609275411,232,237,240
477,500.0,500.0,20.502757898741837,500.6588567120327,500.1017461422068,232,237,240
478,500.0,500.0,10.542283143210689,500.07242645540424,499.33727920433864,232,237,240
479,500.0,500.0,14.128617717455644,500.6118327864119,500.2647736503428,232,237,240
480,500.0,500.0,27.775359727713727,500.37909044081886,500.5483929997039,232,237,240
481,500.0,500.0,24.739040657487305,500.48386353593867,499.54139284454624,4,4,4
482,500.0,500.0,17.712133109182993,499.4212989931133,499.66901723749913,235,237,238
483,500.0,500.0,24.442585274427547,499.4737664740921,500.4092953953503,244,249,253
484,500.0,500.0,26.14050095512487,500.65878346415184,499.8977806681467,232,237,240
485,500.0,500.0,6.070925327060095,500.61428850795426,500.2590252370712,2,2,2
486,500.0,500.0,5.756740943529854,500.5694396599037,500.34667408061927,232,237,240
487,500.0,500.0,22.301852806477896,499.65148995944,499.43168213465236,232,237,240
488,500.0,500.0,10.530860468998597,500.49686483537334,499.5555117776433,232,237,240
489,500.0,500.0,22.01413893117654,499.370917578915,499.7793197971582,232,237,240
490,500.0,500.0,15.053029815400482,499.9205783811037,500.6619189156508,238,244,244
491,500.0,500.0,26.961743129037313,500.44362361882855,500.4976369452341,246,252,252
492,500.0,500.0,23.02160719655063,500.41128428032016,499.47531944460843,247,248,249
493,500.0,500.0,26.646285434326686,500.3548383433149,500.5643883366601,233,238,241
494,500.0,500.0,6.970964705644922,499.4199559627904,499.6713765690916,205,214,217
495,500.0,500.0,8.547082168906924,500.42720520540433,499.4881991042213,0,0,0
496,500.0,500.0,7.104969860013499,499.9525121793164,500.6649731959494,232,237,240
497,500.0,500.0,7.351322524604655,500.63252420366933,499.7893876161834,0,0,0
498,500.0,500.0,17.75902001400396,499.43626083508605,499.64413120621975,111,115,117
499,500.0,500.0,17.747055524144155,499.5631672395784,500.5036085621461,232,237,240
500,500.0,500.0,5.283834142330952,500.10493564452304,500.65835625230795,232,237,240
501,500.0,500.0,17.869340552536947,499.6773010400414,499.41663919767774,2,2,2
502,500.0,500.0,13.756836540241093,500.0769304439713,499.33778692912716,232,237,240
503,500.0,500.0,8.356500874870601,500.5864149059701,499.6828848750051,237,242,246
504,500.0,500.0,16.137320220480355,499.37385712459843,500.22888762314346,233,239,239
505,500.0,500.0,21.58068740647863,500.6434363347002,499.82554620201324,232,237,240
506,500.0,500.0,8.11625909065555,499.63709450358084,500.5592352323604,233,238,241
507,500.0,500.0,13.737468991382109,500.60431254093186,499.7184848186741,232,237,240
508,500.0,500.0,23.94131052321713,500.28637140055343,499.3979735343114,233,238,241
509,500.0,500.0,26.78741520637067,499.70722369565937,499.4010622068519,242,243,250
510,500.0,500.0,14.159510398512184,499.34696221130906,500.13411223279815,233,238,241
511,500.0,500.0,22.98541050088226,499.72950115901034,500.60932324875034,232,237,240
512,500.0,500.0,14.037507984007577,500.55783183838435,500.36505901513203,232,237,240
513,500.0,500.0,17.54946896536891,499.3756702486509,500.23378795098296,247,247,247
514,500.0,500.0,9.82191311630952,500.31018358165653,500.59011065921163,232,237,240
515,500.0,500.0,8.201119822015828,500.36193389864053,500.5598645349183,232,237,240
516,500.0,500.0,21.4504369998868,499.33447102199324,500.0389310143422,238,244,244
517,500.0,500.0,16.022398094770402,499.4088827198869,500.3082609375125,2,4,3
518,500.0,500.0,25.00157566301006,499.83128355410565,500.6449644992782,232,237,240
519,500.0,500.0,13.269178339373978,499.4846448840509,499.57708919509014,235,247,244
520,500.0,500.0,10.709312283432766,500.61475877014516,500.25790715184735,236,241,245
521,500.0,500.0,19.835717689855795,499.4756642386069,499.588276240947,232,237,240
522,500.0,500.0,7.2679508473797325,500.62289579007404,500.2375821524284,233,239,239
523,500.0,500.0,20.81628140233766,500.51669069719514,499.57872198268075,250,250,250
524,500.0,500.0,22.763871346635938,500.37460925944976,499.44853617781496,60,49,54
525,500.0,500.0,5.564941019592695,499.4146940800659,500.31915736641116,232,237,240
526,500.0,500.0,6.974660386663635,500.3679968496372,499.4441018410702,232,237,240
527,500.0,500.0,23.03820994316003,500.65920309441367,499.90052274249916,232,237,240
528,500.0,500.0,15.077816580279622,500.20706309380336,499.3663050263502,1,1,2
529,500.0,500.0,23.634276549130057,500.3987043205434,500.53430263823464,239,246,250
530,500.0,500.0,20.57420465649033,499.69530079089134,499.407038925044,232,238,238
531,500.0,500.0,8.683121357953263,499.9241612252467,499.337661019803,232,237,240
532,500.0,500.0,14.316091034445815,500.5282616403973,499.59332558018826,232,237,240
533,500.0,500.0,21.959932499561155,500.6024181472528,499.7144534708582,232,237,240
534,500.0,500.0,5.10235099650114,499.99025933442095,500.66659550244395,232,237,240
535,500.0,500.0,23.600785138518997,499.79597217304956,500.6346787299684,233,239,239
536,500.0,500.0,17.348447243124816,500.64309397881067,499.8242883644664,0,1,1
537,500.0,500.0,11.034128095404302,500.5467046758575,500.3815212206942,232,237,240
538,500.0,500.0,19.060093686197042,500.3985527025344,499.4655842557082,232,237,240
539,500.0,500.0,15.530793482060295,499.42564380974517,499.6615337370425,232,237,240
540,500.0,500.0,8.080798701966344,499.5053619631265,499.55303506074597,232,237,240
541,500.0,500.0,13.586039632179142,500.5806153470765,499.67238702225995,238,242,247
542,500.0,500.0,8.170947866294823,500.664329816633,499.9442295851122,232,237,240
543,500.0,500.0,17.359723209954478,500.6652553164182,499.9566432424901,232,237,240
544,500.0,500.0,8.226820307249332,499.5574869198655,500.49862472697845,232,237,240
545,500.0,500.0,26.892364861223243,499.7344048468543,500.6114766218507,232,237,240
546,500.0,500.0,27.168069056543615,500.26593086263694,500.6113306967114,232,237,240
547,500.0,500.0,14.559500011304575,499.4212667684756,499.669073586467,232,237,240
548,500.0,500.0,5.70979622978911,500.10368108956357,499.3414450090453,233,238,241
549,500.0,500.0,17.364998218710845,500.031327931635,500.66593018038225,249,250,251
550,500.0,500.0,22.616149763704886,500.59829004778726,500.29409771023114,233,239,239
551,500.0,500.0,11.161444916036722,499.7062900199215,500.5984804859364,232,237,240
552,500.0,500.0,5.957042012215366,499.3347084955107,500.04279787960695,7,7,7
553,500.0,500.0,7.3555780941824604,500.63369032367564,499.7929226759776,232,237,240
554,500.0,500.0,13.017270466913217,499.8930979107968,500.6580398071306,229,241,240
555,500.0,500.0,10.449759273433667,499.66418467935785,499.424089837851,230,236,236
556,500.0,500.0,8.20240421631585,500.60308537520103,500.28413460659175,1,1,1
557,500.0,500.0,17.242458339519466,500.2976245353342,499.40345655614067,232,237,240
558,500.0,500.0,21.193236520369336,499.36293122621146,500.1964378321709,233,239,239
559,500.0,500.0,16.831544732050826,499.41829770120654,500.3256791059046,233,239,239
560,500.0,500.0,27.82718318982751,499.59552326723025,499.4700537601866,23,28,30
561,500.0,500.0,12.40822436701567,499.5820989994412,499.4805741648932,0,0,0
562,500.0,500.0,19.545245596621143,499.406980556025,499.6954144069197,233,238,242
563,500.0,500.0,23.275768505356286,500.00082777647236,500.6666661527561,233,238,241
564,500.0,500.0,20.978183161733526,500.3111728706855,499.41041040630466,243,251,251
565,500.0,500.0,5.0568809582656495,499.6077832268043,500.5390829688169,233,239,239
566,500.0,500.0,23.30059231290044,499.6979084209195,500.5942938013248,232,237,240
567,500.0,500.0,16.37844379377624,500.6374282500641,500.1952682013659,232,237,240
568,500.0,500.0,8.003667757073554,499.36091737482747,499.81021632671116,156,153,151
569,500.0,500.0,19.402129009585565,499.39779725943504,500.2860005309445,232,237,240
570,500.0,500.0,8.633620844405716,499.80324541269795,499.3630289827472,241,244,245
571,500.0,500.0,20.837613283964735,499.530306504699,500.47310935830563,227,233,233
572,500.0,500.0,25.161685856449957,499.4207474675222,499.66998341244346,232,237,240
573,500.0,500.0,20.283702662493333,500.46961131442606,500.4731909316623,232,238,241
574,500.0,500.0,21.69773235982024,500.1912248833735,500.6386528700501,249,250,252
575,500.0,500.0,5.024984984909645,500.55447709311056,500.3701345669619,232,237,240
576,500.0,500.0,16.947217856642624,500.2234704057104,500.62809666629914,233,236,240
577,500.0,500.0,23.793507619005865,499.3982674104252,499.71301161157976,234,239,242
578,500.0,500.0,13.810608290542772,500.4488660995869,499.5070865501063,236,248,246
579,500.0,500.0,11.882872530475062,499.3939791549852,499.7221813903786,0,0,0
580,500.0,500.0,17.955697932801534,500.114899877242,500.6566905379661,232,236,240
581,500.0,500.0,19.44584088184076,499.5751716378134,500.51377554158046,236,242,242
582,500.0,500.0,6.993824769717736,500.5638395924951,500.3557096546052,233,239,236
583,500.0,500.0,13.832733914891776,499.99072788808485,499.3333978154963,179,184,180
584,500.0,500.0,19.826273068321647,500.5393252922893,500.3918834948572,232,237,240
585,500.0,500.0,18.974641275057035,500.6625253126208,500.0741933594139,232,237,240
586,500.0,500.0,16.71901902063839,499.85947420257526,500.6516877662674,232,237,240
587,500.0,500.0,23.25689472971443,499.4937261435869,499.56625903265075,233,236,241
588,500.0,500.0,16.490398449271126,499.4897465186955,500.4290522453747,232,237,240
589,500.0,500.0,5.277541284995511,500.50513270461244,499.5649305857965,232,237,240
590,500.0,500.0,24.29638596678338,500.2726542493541,500.60836182059165,232,237,240
591,500.0,500.0,22.542696571598473,499.39245396949474,499.72553276104105,232,237,240
592,500.0,500.0,11.030261374727543,500.66609167921894,500.0276824731506,232,237,240
593,500.0,500.0,19.45712600939325,500.198784974566,500.6363403007285,233,238,241
594,500.0,500.0,6.895839674266855,500.1144862620413,499.34323722680995,231,236,239
595,500.0,500.0,12.127858369182764,500.6493160924748,500.15110611006077,239,241,245
596,500.0,500.0,13.986824568272043,500.0837284596029,500.6613879266338,232,237,240
597,500.0,500.0,24.468766648237853,499.40670516335894,500.30404881394196,235,239,243
598,500.0,500.0,7.667691375520469,500.335460779638,500.57611675012026,250,250,252
599,500.0,500.0,20.135204293095605,500.17429622665315,500.64347903603687,166,170,169
600,500.0,500.0,21.13449105814892,500.6597141770635,500.0960294175027,232,237,240
601,500.0,500.0,23.008703335506155,499.5343483298239,499.52291199291255,247,250,251
602,500.0,500.0,22.965851538550716,500.3394006980468,499.4261954944323,235,240,243
603,500.0,500.0,14.874465094920646,500.156350066002,500.6480733764826,232,237,240
604,500.0,500.0,18.262988518426233,500.6651374771077,500.04512849422764,1,1,1
605,500.0,500.0,6.275099549375696,499.6333197887421,499.44323248378134,211,214,226
606,500.0,500.0,22.786565924933647,500.0385992045151,500.6655483046746,232,237,240
607,500.0,500.0,5.059075638747748,500.6562029174763,499.88234722468195,238,237,235
608,500.0,500.0,13.808527910450179,500.6302269631622,500.21739001667,231,232,240
609,500.0,500.0,26.02079639898597,499.99272498385574,499.33337302891005,234,240,240
610,500.0,500.0,26.064659592260586,500.6004505973161,500.28966105127745,0,1,3
611,500.0,500.0,7.746221382520657,499.7767856317507,500.6281877030407,232,237,240
612,500.0,500.0,27.572518870654385,499.5558913919867,500.49720417207914,236,239,241
613,500.0,500.0,22.791132028635364,500.6299168017903,500.21828712116564,232,237,240
614,500.0,500.0,5.183290991821477,499.85658631793814,500.65105833858564,232,237,240
615,500.0,500.0,22.010247694868614,500.5590583402409,500.36317794075575,0,2,1
616,500.0,500.0,16.34729554466235,499.61006498139164,499.4592642736906,232,237,240
617,500.0,500.0,26.445143248370517,500.37963954754247,499.451986990678,1,1,1
618,500.0,500.0,24.310202158612,499.96261726870017,500.6656177400318,232,237,240
619,500.0,500.0,13.654321100765001,500.65500332999216,500.1241574892773,231,237,240
620,500.0,500.0,10.47785467397991,500.15908003560526,500.64740867056,32,34,33
621,500.0,500.0,7.139612682236029,500.2026345300728,500.6351249417765,232,237,240
622,500.0,500.0,13.567315403703857,500.66627901801365,500.0227313571789,236,240,244
623,500.0,500.0,19.655960640751914,500.6070480965312,500.275566784904,232,237,240
624,500.0,500.0,15.004606204004661,500.0460021527375,499.33492237566736,0,0,0
625,500.0,500.0,12.24520505442444,500.63751209658966,499.8050057150932,159,160,162
626,500.0,500.0,10.373058212681194,499.4835926514596,499.57837469855576,232,237,240
627,500.0,500.0,7.4301282523618974,500.5549233225199,499.6305347775934,232,237,240
628,500.0,500.0,17.326264629070543,500.64906528468447,499.8478201699899,232,237,240
629,500.0,500.0,24.60709027020642,499.692175768838,500.59134481240136,234,239,242
630,500.0,500.0,21.028193614452757,499.6024846828719,499.46481216653126,1,1,1
631,500.0,500.0,21.35662016055757,499.36461778595225,499.79817362284325,232,237,240
632,500.0,500.0,11.8733363522875,499.59271617766586,500.52779194054983,232,237,240
633,500.0,500.0,17.78693651561293,500.6477973089624,499.8425100290639,0,0,0
634,500.0,500.0,23.489625329208554,499.38275692849163,499.7480963773198,232,237,240
635,500.0,500.0,22.962079849832104,499.70230125524506,500.5965064138933,232,238,241
636,500.0,500.0,13.561514107767946,500.03692895036437,499.3343569296767,248,249,251
637,500.0,500.0,23.69318310711313,499.45457629217816,500.3833502620194,232,237,240
638,500.0,500.0,15.198920448227742,499.521329769694,499.5359749413413,249,249,251
639,500.0,500.0,26.67245520355465,500.6087284425163,499.7281652566059,232,237,240
640,500.0,500.0,21.661909484006237,500.2716184765394,500.6088249729166,232,237,240
641,500.0,500.0,8.974565872108151,500.1243223740498,499.3450279458213,249,250,252
642,500.0,500.0,25.3187473745534,500.6666504999463,499.99535722433984,243,252,251
643,500.0,500.0,25.303907205654973,500.12399903194347,499.3449666538858,232,237,240
644,500.0,500.0,8.15642839403749,500.45405609554075,500.4881367703285,232,237,240
645,500.0,500.0,23.449865903735933,500.6612428330272,499.91513327969903,0,0,0
646,500.0,500.0,22.97300743421635,500.28991929151755,499.3996740478287,232,237,240
647,500.0,500.0,11.220020749686398,499.87104998688613,499.3459232930593,0,0,0
648,500.0,500.0,25.602589977129217,500.6552995947497,500.12258419786144,231,239,242
649,500.0,500.0,22.637369874356274,499.9910239200156,499.3333937635811,1,1,1
650,500.0,500.0,10.546514288560457,500.59268257422593,500.3052405783204,234,239,242
651,500.0,500.0,27.60128662243475,499.7014537030362,499.4039173270312,0,0,0
652,500.0,500.0,18.627948711172493,500.1922084152131,500.6383575562063,232,237,240
653,500.0,500.0,13.088689415111027,500.6149391430079,500.2574767850528,232,237,240
654,500.0,500.0,9.329374292820894,499.6994195047673,499.40494049849605,232,238,238
655,500.0,500.0,5.873166047602293,499.8701819446102,499.34609502453395,0,0,0
656,500.0,500.0,17.10831582541575,499.768487517239,500.6251771067228,234,240,239
657,500.0,500.0,12.837458018135766,499.3396422076833,499.90850119907304,235,241,241
658,500.0,500.0,18.492011027097817,499.572893723629,500.51188345658846,232,237,240
659,500.0,500.0,27.09285125634243,499.46320797706915,499.60465360939776,249,251,250
660,500.0,500.0,11.940598535685789,499.82674254192835,500.64375950297216,235,240,243
661,500.0,500.0,27.09522830848098,500.2314896540297,500.62518556007126,234,239,242
662,500.0,500.0,26.363439806664783,499.7373343609379,500.61274073350853,232,237,240
663,500.0,500.0,13.702834487385557,500.0884114582612,500.66077822186617,232,237,240
664,500.0,500.0,26.822126397089615,499.34708536802265,499.8652894666541,0,0,0
665,500.0,500.0,18.854939351372337,499.3853902774045,500.25826214073203,232,237,240
666,500.0,500.0,8.234797467417073,499.33741486955034,500.0736572423557,232,237,240
667,500.0,500.0,8.861410585286436,499.3350414946149,499.95230691286497,232,237,240
668,500.0,500.0,9.822738541211482,499.84632550315956,500.6487130285922,232,237,240
669,500.0,500.0,21.56951252393027,500.07280440476967,500.66267938182096,232,237,240
670,500.0,500.0,27.28934197743076,500.3960172584019,499.4637027172433,230,235,238
671,500.0,500.0,13.632994117832606,499.6522267783872,499.4312309512873,3,2,0
672,500.0,500.0,6.695315959911606,500.2789806028239,499.3945131977553,232,237,240
673,500.0,500.0,26.888229022984774,499.4918913307253,500.43159011185656,232,237,240
674,500.0,500.0,8.700803382960384,500.34994025386544,499.4325616657565,0,0,0
675,500.0,500.0,27.661350303246294,499.3764561816543,500.2358761349678,0,0,0
676,500.0,500.0,8.794935479524025,499.4637690158994,499.60389297388843,236,236,241
677,500.0,500.0,9.727660964512555,500.1165248876194,500.65640414000046,232,237,240
678,500.0,500.0,21.78940213041667,499.9478955706133,499.33537260597933,232,237,240
679,500.0,500.0,6.1416151898857265,499.62040739335174,499.45195447504574,243,246,247
680,500.0,500.0,13.29906518822728,499.70146241214724,500.5960870348225,232,237,240
681,500.0,500.0,19.37709193531392,499.3420302175598,499.8926677595501,232,237,240
682,500.0,500.0,8.929140408921132,499.6295534141908,500.55426868169394,232,237,240
683,500.0,500.0,12.092128202707777,499.4735446894351,500.4090100859666,232,237,240
684,500.0,500.0,11.095101133705288,500.4594715032819,499.51695716326986,237,240,245
685,500.0,500.0,13.773239303352224,500.0556292552341,499.33565834813214,0,0,0
686,500.0,500.0,15.696332991556961,499.3827097496815,499.7482120111955,0,0,0
687,500.0,500.0,22.301408268651603,499.7616871497772,500.6226165994118,7,8,7
688,500.0,500.0,14.521693016039036,499.38167777356364,499.7507570086458,237,242,245
689,500.0,500.0,13.903440228278338,500.2567934207403,500.6152248235474,232,237,240
690,500.0,500.0,26.53631301910401,500.2014330701733,499.36449298769804,228,227,232
691,500.0,500.0,14.080500399797227,499.45953713224765,500.3903131217694,232,237,240
692,500.0,500.0,23.41035774457577,499.6894505963123,499.4100817748928,0,0,0
693,500.0,500.0,27.64046377573006,499.35715653825144,499.8233740445699,232,237,240
694,500.0,500.0,6.802476009208249,499.6638600172014,500.57572072779135,230,219,226
695,500.0,500.0,10.931386279718861,500.62529515534857,500.2311934539342,248,250,250
696,500.0,500.0,17.69724640623418,499.42161529079675,500.33153517551585,234,238,242
697,500.0,500.0,5.2843673384984164,499.4931139526628,499.56697462030576,1,1,1
698,500.0,500.0,8.441773350600853,499.9649250815827,500.66574333984084,248,249,251
699,500.0,500.0,26.611949654703526,499.8515247095026,500.64992271275605,235,241,241
700,500.0,500.0,24.951931158599034,500.4946166277234,499.5530113692453,235,241,241
701,500.0,500.0,16.168450222585605,499.6869357673675,499.4114125122884,233,238,241
702,500.0,500.0,14.268401043926264,500.5287987085102,499.59402417519954,0,0,0
703,500.0,500.0,25.21602552849325,499.41411862789266,500.3180997677806,215,222,222
704,500.0,500.0,25.63172132943672,500.2491091530808,499.3816238407766,3,3,3
705,500.0,500.0,24.385471078062366,500.20792438340237,499.3665871052535,247,248,250
706,500.0,500.0,22.105643758114752,500.5268235777852,500.4085356316578,232,237,240
707,500.0,500.0,7.053597556967442,500.03790987685744,500.6655879248312,232,237,240
708,500.0,500.0,22.4683457902039,499.828167293279,500.64414126194913,0,0,0
709,500.0,500.0,6.509190255074435,499.8729548861016,500.6544493742674,0,0,0
710,500.0,500.0,17.058582993035387,499.7653827109904,499.3759814328546,133,132,133
711,500.0,500.0,24.15738846076068,500.64186221029246,499.81984077197393,234,240,240
712,500.0,500.0,26.114714594845672,499.7029277915039,500.5968186888693,0,0,0
713,500.0,500.0,16.617906623554767,500.46384187030384,499.5211522540541,1,1,0
714,500.0,500.0,18.66300264939948,500.63228905756563,500.21131727834523,1,1,1
715,500.0,500.0,12.917727088636255,499.3432248250731,499.885584904649,0,0,0
716,500.0,500.0,6.141973985335753,500.40068236411577,500.5328208775293,17,19,16
717,500.0,500.0,20.586990660092326,499.33861772231853,499.91622693026216,0,0,0
718,500.0,500.0,22.946984277994797,500.4007102762405,500.5327998864111,0,0,0
719,500.0,500.0,18.826264861374277,500.51806949689,500.419581268453,10,10,12
720,500.0,500.0,26.689114265334403,499.60278748737295,500.5354126112233,2,2,2
721,500.0,500.0,15.556954434484021,500.29443519778613,500.5981240329138,237,243,246
722,500.0,500.0,23.95914889382526,499.3340436452933,499.96923349109494,26,28,27
723,500.0,500.0,27.986875736968035,500.5162025854365,500.42187597138627,237,247,249
724,500.0,500.0,11.86494630382584,500.3439780285118,499.4289277100528,235,240,242
725,500.0,500.0,11.359114749235502,500.3708341766207,500.55400943845257,6,6,6
726,500.0,500.0,26.900319356654563,500.6627349588606,500.0722967409257,0,0,0
727,500.0,500.0,10.526947786605373,500.355340281275,500.5640724500876,232,237,240
728,500.0,500.0,20.65738225890978,500.03946159853155,499.3345022714646,232,237,240
729,500.0,500.0,14.627010779870856,500.1736154645878,500.6436630445353,236,240,245
730,500.0,500.0,18.15697598284735,500.2596890486299,500.61400817784954,242,246,250
731,500.0,500.0,19.681212567185106,500.2067873283796,499.3662149849783,34,34,34
732,500.0,500.0,8.90969327341534,499.45481520645876,499.61631004008984,231,236,239
733,500.0,500.0,7.942715213009227,499.37006293573353,500.2182286404388,249,251,251
734,500.0,500.0,25.690596630569893,499.88879850005674,499.3426730867713,238,246,252
735,500.0,500.0,25.04294133978308,500.0441979804867,499.3348000428703,232,235,240
736,500.0,500.0,11.763175797957883,499.55476432643667,500.49619516264374,0,0,0
737,500.0,500.0,18.422216254079352,500.666663667804,500.00199961860073,225,230,233
738,500.0,500.0,24.95244835805929,500.5697516939734,499.6538389801567,229,240,234
739,500.0,500.0,25.029530366119104,500.36660977419115,499.4431861011864,249,247,250
740,500.0,500.0,27.70540678572865,499.56737254022545,500.5072257145428,232,237,240
741,500.0,500.0,9.14820568945741,500.45320158441376,500.48893022848796,0,0,0
742,500.0,500.0,9.066958130959597,500.0981947120407,499.3406046383453,234,239,242
743,500.0,500.0,22.507445467944983,500.6652375713964,499.9563718204934,235,241,241
744,500.0,500.0,22.562090843426482,500.4456068328982,500.4958618708057,12,12,14
745,500.0,500.0,14.27805004915286,499.35197436444804,499.84345217947237,232,237,240
746,500.0,500.0,9.58652777824669,499.97132511132014,500.66604969424486,232,237,240
747,500.0,500.0,17.21377706813264,499.90095012445147,499.34073255305736,7,7,7
748,500.0,500.0,25.170658110976554,500.49603804104663,499.5545892836055,232,237,240
749,500.0,500.0,18.539425827865653,500.1988365197462,499.3636758036506,235,243,242
750,500.0,500.0,11.68903921161819,500.3495286061102,499.4323080078466,232,237,240
751,500.0,500.0,25.42340300825196,500.42252685026057,499.4843300423204,8,8,7
752,500.0,500.0,9.333798779489996,499.89290364450915,499.3419917819016,232,237,240
753,500.0,500.0,27.65222906334499,500.666384155009,500.01940624634955,232,236,239
754,500.0,500.0,7.832725580272101,499.9112538386148,500.6607333526347,232,237,240
755,500.0,500.0,19.33209987817332,500.3796694478279,500.5479922944992,219,226,229
756,500.0,500.0,5.454060629825339,500.4867061128651,499.5444107067279,232,237,240
757,500.0,500.0,17.58749484876529,500.2250682995951,500.6275258599945,232,237,240
758,500.0,500.0,19.49716082374755,500.34839321233403,500.5683894914968,1,1,0
759,500.0,500.0,11.20947443935535,499.67643767352234,500.5828823769242,232,237,240
760,500.0,500.0,7.41302744870223,499.8555521653357,500.65082967626347,231,236,239
761,500.0,500.0,16.447998453444786,499.6733435391446,500.58115402521696,232,237,240
762,500.0,500.0,27.381753613341473,499.6441044306082,499.43627773848135,212,216,219
763,500.0,500.0,17.607191565753208,499.9351982909464,499.3364902540669,232,237,240
764,500.0,500.0,5.293236229178025,500.32475319419484,500.58221972424906,232,237,240
765,500.0,500.0,8.43032333133562,500.11022794724335,500.6574908699678,0,0,0
766,500.0,500.0,7.329681007638019,499.3350230996769,500.0474359197351,232,237,240
767,500.0,500.0,11.808510110340084,499.74225461797334,500.61482661172755,224,230,229
768,500.0,500.0,25.10523033072966,500.5958852791911,499.70105990819604,1,1,2
769,500.0,500.0,7.665724234170948,500.3452736074782,500.5702899091019,234,245,251
770,500.0,500.0,8.921782356196633,499.518414422651,500.4609986725945,242,249,248
771,500.0,500.0,7.137880255060713,500.5412525443535,499.6107826729508,226,234,237
772,500.0,500.0,27.13312839344434,499.7943906869678,500.6341681597486,232,237,240
773,500.0,500.0,19.923469129062067,500.2212085714514,500.6288968217131,1,1,1
774,500.0,500.0,6.3488671002990795,499.4343780408001,500.3528685927018,234,240,240
775,500.0,500.0,16.101521562427955,500.51012490475824,500.42920510946385,0,0,0
776,500.0,500.0,22.920778775571097,499.4149942528978,500.3197072415538,233,239,234
777,500.0,500.0,7.59756202559665,499.385428969766,499.74164579886997,237,242,245
778,500.0,500.0,20.06439208408797,500.1093606169889,500.65763568934193,0,0,0
779,500.0,500.0,10.151653144445998,500.25224941483185,500.61710183694544,0,0,0
780,500.0,500.0,19.219497369159527,500.3773146619109,499.4503836880591,237,242,245
781,500.0,500.0,20.554798072221146,499.4808624681669,500.41825909133775,228,233,236
782,500.0,500.0,19.097022259645318,499.61206555817057,500.5421727706985,228,233,237
783,500.0,500.0,24.59303648325952,500.28625284754366,499.3979171554366,191,205,206
784,500.0,500.0,12.610581377993048,499.8862328966434,499.34311226938064,245,248,249
785,500.0,500.0,19.796298240934792,500.64476849436426,499.8305360418269,238,241,247
786,500.0,500.0,23.42900961771461,500.6301352666469,499.78234433117365,38,39,36
787,500.0,500.0,7.730257597233555,500.5476868659167,499.61989009306944,225,230,233
788,500.0,500.0,5.824134445294836,499.82698217074847,500.6438239473688,0,0,0
789,500.0,500.0,27.15293871044011,499.8214649342136,499.35768413165397,236,242,242
790,500.0,500.0,20.44391052792059,499.7291406730145,500.6091630893524,0,0,0
791,500.0,500.0,24.419301110897806,500.6571907052854,499.88799633340426,0,0,0
792,500.0,500.0,20.11484574791621,499.9609829883594,500.66552394190376,29,31,30
793,500.0,500.0,10.10018347986437,500.63696015204283,500.196789758763,0,0,0
794,500.0,500.0,13.599478290589222,500.66591114079654,499.9682699352739,231,236,239
795,500.0,500.0,23.902289178130705,500.5113939040469,500.4276923185517,0,0,0
796,500.0,500.0,9.313498212226877,499.6990048946979,500.59484988949197,0,0,0
797,500.0,500.0,9.383311573312593,499.36158600600436,499.807979124273,113,117,118
798,500.0,500.0,19.56453075454923,500.64291418880686,499.8236316630592,27,28,16
799,500.0,500.0,18.554271832051704,499.33358091366483,499.98183283696704,236,238,241
800,500.0,500.0,21.932920397200785,500.662836749868,499.9286425373988,0,0,0
801,500.0,500.0,16.691656678653317,500.08149939312676,500.6616663006111,231,240,235
802,500.0,500.0,7.952780987186289,499.5063608163063,500.4480678528601,224,230,230
803,500.0,500.0,16.594532745122784,499.4242404983845,500.33607356448243,0,0,0
804,500.0,500.0,22.534617094021232,499.3447590615041,500.1228973431912,249,250,252
805,500.0,500.0,15.415451239871436,500.5330616075914,500.40036204485006,1,1,1
806,500.0,500.0,25.388047674401236,499.57277126221436,500.5117812521523,117,125,124
807,500.0,500.0,21.373110197088337,499.8330413663016,499.3545782316361,0,0,0
808,500.0,500.0,21.430844319487573,500.6664671939132,500.0163071727143,1,1,1
809,500.0,500.0,20.969175395728506,500.61627141770595,500.2542714772898,232,238,238
810,500.0,500.0,18.404544235204742,499.5213155005743,500.46401033873616,234,240,240
811,500.0,500.0,14.71488649093367,499.3417203950998,499.89458460161404,9,9,7
812,500.0,500.0,8.342514367554298,499.99922499578173,500.6666662161929,29,34,33
813,500.0,500.0,8.70151406989429,499.64497117035427,500.56426853054626,226,228,232
814,500.0,500.0,20.88368155837223,499.34702081147685,499.8656027388668,232,236,242
815,500.0,500.0,23.72260300375278,500.03176942107,500.6659092643366,27,33,33
816,500.0,500.0,17.909222714188644,500.2339403055748,500.62427267910107,195,199,202
817,500.0,500.0,6.080537269332637,499.3578518705244,500.17913744515164,234,248,248
818,500.0,500.0,27.443922607290904,499.33554418324724,499.94575138685764,232,243,244
819,500.0,500.0,10.78084595256303,499.9786085668723,500.6663233832256,214,227,227
820,500.0,500.0,17.572148144128548,500.18268401467054,499.3588518149224,233,238,241
821,500.0,500.0,9.080795665230053,500.06240739509224,500.66373922701786,1,1,1
822,500.0,500.0,7.745137659278207,500.6249539562885,500.2321141894926,2,2,3
823,500.0,500.0,7.9915301926535625,500.3232329126555,499.4169348847507,31,33,31
824,500.0,500.0,21.322853815275224,499.3992508773174,500.28904140886823,237,242,245
825,500.0,500.0,18.728247636330686,500.63383001864236,500.20664934529844,8,8,8
826,500.0,500.0,6.676258296018265,499.35753128136855,500.1779842409442,235,244,245
827,500.0,500.0,16.97394460862919,500.6423927576202,500.17825820991357,238,240,229
828,500.0,500.0,14.278592527767625,500.34534724388794,500.5702453205274,241,246,251
829,500.0,500.0,12.614530342059954,500.65836504855696,499.8951195571948,155,148,158
830,500.0,500.0,17.910697713083273,500.6281950878875,499.77680641586625,9,9,9
831,500.0,500.0,25.803418545216918,500.4898968111753,499.5478434354731,245,246,248
832,500.0,500.0,23.31275147001979,500.6454741784771,500.16675589753805,9,9,5
833,500.0,500.0,11.505066868426141,499.78280026711127,500.63029256736655,235,242,248
834,500.0,500.0,15.247808644149515,500.2850377026774,499.3973409317891,234,239,242
835,500.0,500.0,6.89394530511552,500.6522092404713,500.1380853036652,6,7,6
836,500.0,500.0,19.419460747434584,499.6582441097971,500.57240488813085,249,250,251
837,500.0,500.0,9.72833006358405,499.3407441689913,499.90087284062645,23,22,27
838,500.0,500.0,21.487970528226,499.37171425496035,499.7770617416763,27,29,28
839,500.0,500.0,23.266940100445478,499.71002450769817,500.600298807519,217,229,229
840,500.0,500.0,25.95269121191578,500.4557008954597,500.4866016217828,31,29,31
841,500.0,500.0,14.95957579670323,500.650762167681,500.1447516685897,24,24,26
842,500.0,500.0,19.75272316907771,500.20249436827606,500.63516964289937,138,142,147
843,500.0,500.0,6.669557230376474,499.84684772081175,500.6488365154828,235,241,241
844,500.0,500.0,11.931066326432035,500.4900131811238,499.5479695510595,26,28,27
845,500.0,500.0,23.908814513658232,500.6519810925932,500.1391585403251,246,250,251
846,500.0,500.0,8.136773587579576,499.3541382571267,500.1652484600142,30,32,31
847,500.0,500.0,8.313737361545112,499.5292863266355,500.4720943572552,17,17,15
848,500.0,500.0,8.25159892316467,500.54746096397014,500.38043519470904,22,21,31
849,500.0,500.0,17.354497116752604,500.00713510458405,500.66662848328514,30,32,31
850,500.0,500.0,25.781566647414557,499.4471385815493,500.37254354971355,28,30,29
851,500.0,500.0,24.583553580855668,499.87832281633695,499.3445313833445,8,8,8
852,500.0,500.0,24.19921243796543,500.31757349121455,500.5861668040091,245,248,247
853,500.0,500.0,18.047730822874428,500.4096811391506,500.5259332739699,159,164,167
854,500.0,500.0,6.682325159646655,499.78372850623373,499.36938832437977,0,0,0
855,500.0,500.0,18.353700028399967,500.3164029398931,500.58679947517993,233,238,241
856,500.0,500.0,10.394255521156165,500.27543407842745,499.3928916794465,191,195,198
857,500.0,500.0,15.364857498943506,500.6109144355552,500.26688573748845,249,250,252
858,500.0,500.0,13.383349020608472,499.3336405451264,499.9797633662629,237,242,244
859,500.0,500.0,10.662028186546134,499.64239297585226,500.5626381259075,7,7,11
860,500.0,500.0,8.089034144806444,500.62776018835285,499.7755861181575,232,242,249
861,500.0,500.0,22.819640115096057,499.70021762408186,499.40453801839806,225,230,236
862,500.0,500.0,18.95243631962981,499.77982723503476,499.3707398010266,9,9,8
863,500.0,500.0,21.871526192022294,499.6095431317602,500.54035902739645,32,34,33
864,500.0,500.0,19.527409372608865,499.9197691008206,500.6618213106733,232,237,240
865,500.0,500.0,9.893495782054828,500.6419549570659,500.17982846699834,218,222,230
866,500.0,500.0,27.97074802527259,500.52028260595296,499.58316615494033,8,9,8
867,500.0,500.0,25.50306350558498,500.650336944525,499.85334972543393,228,233,236
868,500.0,500.0,16.739475846907066,499.3348090675968,499.9556664022107,8,8,7
869,500.0,500.0,10.494258504387602,500.6289670773653,499.77899126706177,8,8,8
870,500.0,500.0,9.120339229898278,499.38142907505977,500.248625129991,13,10,10
871,500.0,500.0,5.92965599918991,500.0600574122588,499.33604401375,27,27,29
872,500.0,500.0,10.382429383580341,500.5085472838396,499.5689267990888,238,235,248
873,500.0,500.0,26.111744712716334,499.4687058519447,499.59729542753195,30,32,31
874,500.0,500.0,27.274152219232743,500.64094999058193,500.1833781721401,23,17,23
875,500.0,500.0,8.998545778268351,500.38046465943853,500.5474404875078,233,238,241
876,500.0,500.0,24.215788556562824,499.3431354537582,500.11390088820974,220,218,223
877,500.0,500.0,10.126682854269077,500.66439638750484,499.94502832806825,217,219,223
878,500.0,500.0,16.0885320634019,499.5082277317372,500.4501160745986,240,246,250
879,500.0,500.0,15.117670117385192,500.4136267251777,500.5228358984071,14,16,14
880,500.0,500.0,9.864893395122358,500.53432720319597,500.3986713989857,232,237,240
881,500.0,500.0,23.789966737639865,500.12386878288874,500.6550579890896,232,237,240
882,500.0,500.0,16.07488293595818,500.561103195371,500.3600106228834,229,234,237
883,500.0,500.0,19.886962385232707,499.3576791738907,499.82148277172575,9,9,9
884,500.0,500.0,18.190189761102168,499.3534433574367,499.8374916851307,235,241,243
885,500.0,500.0,18.162193882300684,499.4109270827946,500.31214987211206,240,244,247
886,500.0,500.0,16.882735930677367,500.4325743937547,500.50727097128873,243,247,250
887,500.0,500.0,25.20570660791984,500.63299856458667,499.79081763536175,246,250,250
888,500.0,500.0,27.833843945283512,499.67749716222283,500.58346924860706,233,237,238
889,500.0,500.0,18.819290431457603,500.0607398110411,499.3361060929643,242,236,241
890,500.0,500.0,21.656296355788385,500.5615436587441,500.35932320238015,235,239,243
891,500.0,500.0,10.285717105111935,499.3369399913317,499.9307477845176,7,7,7
892,500.0,500.0,17.022360889394648,500.52545533905817,500.41029395693783,247,248,250
893,500.0,500.0,9.080710239298575,500.6665208173021,500.0139443374647,223,228,234
894,500.0,500.0,7.702877351219721,500.64645940181487,500.1628947090904,237,242,245
895,500.0,500.0,5.027604733633144,500.45751599587703,499.5151045906991,232,236,240
896,500.0,500.0,5.999080516739074,499.3826132950198,500.25155138830485,242,247,250
897,500.0,500.0,16.08883930116727,499.7756689019654,500.6277897760389,219,223,225
898,500.0,500.0,25.880754161740853,499.55562696105983,499.5030321472092,229,241,241
899,500.0,500.0,15.97424845110442,500.5435179583673,500.3860475014511,242,242,245
